City_ID,City,Country,Date,Lat,Lng,Max Temp,Humidity,Cloudiness,Wind Speed,Current Description,Rain inches (last 3 hours),Snow inches (last 3 hours)
0,Sabha,LY,2020-02-24 07:44:23,27.04,14.43,55.17,48,0,5.19,clear sky,0,0
1,Port Blair,IN,2020-02-24 07:44:23,11.67,92.75,82.02,72,0,13.56,clear sky,0,0
2,Porto Novo,BJ,2020-02-24 07:44:23,6.5,2.6,84.2,89,40,2.24,scattered clouds,0,0
3,Ayagoz,KZ,2020-02-24 07:44:23,47.97,80.44,22.23,91,100,2.84,light snow,0,0.13
4,Camacha,PT,2020-02-24 07:44:23,33.08,-16.33,64.4,82,20,16.11,few clouds,0,0
5,Busselton,AU,2020-02-24 07:44:24,-33.65,115.33,73.99,73,100,1.01,overcast clouds,0,0
6,Jamestown,US,2020-02-24 07:44:24,42.1,-79.24,44.6,44,1,12.75,clear sky,0,0
7,Yellowknife,CA,2020-02-24 07:44:24,62.46,-114.35,-14.01,75,5,6.93,clear sky,0,0
8,Hilo,US,2020-02-24 07:40:50,19.73,-155.09,71.6,78,20,3.36,few clouds,0,0
9,Hobart,AU,2020-02-24 07:44:24,-42.88,147.33,69.8,60,75,13.87,broken clouds,0,0
10,Cidreira,BR,2020-02-24 07:44:25,-30.18,-50.21,71.98,74,0,21.05,clear sky,0,0
11,Albany,US,2020-02-24 07:44:25,42.6,-73.97,32.0,58,1,8.05,clear sky,0,0
12,Beringovskiy,RU,2020-02-24 07:44:25,63.05,179.32,-6.27,97,100,10.2,overcast clouds,0,0
13,Upernavik,GL,2020-02-24 07:44:25,72.79,-56.15,-21.71,85,31,1.77,scattered clouds,0,0
14,Chokurdakh,RU,2020-02-24 07:44:25,70.63,147.92,-24.5,98,31,4.12,scattered clouds,0,0
15,Tuktoyaktuk,CA,2020-02-24 07:44:26,69.45,-133.04,-7.31,96,100,8.77,overcast clouds,0,0
16,Faanui,PF,2020-02-24 07:44:26,-16.48,-151.75,82.47,76,12,13.13,few clouds,0,0
17,Hermanus,ZA,2020-02-24 07:44:26,-34.42,19.23,70.0,62,0,13.0,clear sky,0,0
18,Surman,LY,2020-02-24 07:44:27,32.76,12.57,57.99,72,0,13.96,clear sky,0,0
19,Bethel,US,2020-02-24 07:43:48,41.37,-73.41,43.0,68,5,3.47,clear sky,0,0
20,Saskylakh,RU,2020-02-24 07:44:27,71.92,114.08,15.13,93,100,9.44,light snow,0,0.19
21,Bilma,NE,2020-02-24 07:44:27,18.69,12.92,63.23,29,0,9.84,clear sky,0,0
22,Punta Arenas,CL,2020-02-24 07:44:28,-53.15,-70.92,46.4,65,40,27.51,scattered clouds,0,0
23,Sri Aman,MY,2020-02-24 07:44:28,1.24,111.46,82.4,88,75,4.47,light intensity shower rain,0,0
24,Wahiawa,US,2020-02-24 07:44:28,21.5,-158.02,75.2,88,40,5.82,scattered clouds,0,0
25,Mataura,NZ,2020-02-24 07:44:28,-46.19,168.86,63.0,63,100,3.0,overcast clouds,0,0
26,Buritizeiro,BR,2020-02-24 07:44:28,-17.35,-44.96,68.47,97,100,2.8,overcast clouds,0,0
27,Cayenne,GF,2020-02-24 07:44:29,4.93,-52.33,78.8,88,75,9.17,broken clouds,0,0
28,Tiksi,RU,2020-02-24 07:41:58,71.69,128.87,-2.61,87,100,9.69,overcast clouds,0,0
29,Leningradskiy,RU,2020-02-24 07:44:29,69.38,178.42,-18.78,70,0,2.08,clear sky,0,0
30,Arraial Do Cabo,BR,2020-02-24 07:44:29,-22.97,-42.03,73.54,73,83,5.82,broken clouds,0,0
31,Port Hardy,CA,2020-02-24 07:44:29,50.7,-127.42,35.6,92,75,9.17,broken clouds,0,0
32,Nouadhibou,MR,2020-02-24 07:44:30,20.93,-17.03,73.4,60,99,19.46,light rain,0.5,0
33,Port Hawkesbury,CA,2020-02-24 07:44:30,45.62,-61.35,32.0,100,75,5.82,mist,0,0
34,Vaini,TO,2020-02-24 07:44:30,-21.2,-175.2,78.8,94,20,3.36,few clouds,0,0
35,Cape Town,ZA,2020-02-24 07:44:30,-33.93,18.42,75.99,49,0,11.41,clear sky,0,0
36,Thompson,CA,2020-02-24 07:42:28,55.74,-97.86,5.0,84,90,9.17,light snow,0,0
37,Rikitea,PF,2020-02-24 07:44:31,-23.12,-134.97,79.21,72,0,7.92,light rain,0.44,0
38,Palu,ID,2020-02-24 07:44:31,-0.89,119.87,78.24,73,69,3.83,light rain,1.5,0
39,Norman Wells,CA,2020-02-24 07:44:31,65.28,-126.83,-0.4,84,75,5.82,light snow,0,0
40,Tabou,CI,2020-02-24 07:44:31,4.42,-7.35,84.22,80,94,3.98,light rain,0.13,0
41,Katsuura,JP,2020-02-24 07:44:31,35.13,140.3,59.0,47,20,12.75,few clouds,0,0
42,Atuona,PF,2020-02-24 07:44:32,-9.8,-139.03,80.94,81,15,13.94,few clouds,0,0
43,Severo-Kurilsk,RU,2020-02-24 07:44:32,50.68,156.12,25.97,96,100,27.58,snow,0,2.38
44,Tura,IN,2020-02-24 07:44:32,25.52,90.22,88.84,25,0,2.77,clear sky,0,0
45,Bayangol,RU,2020-02-24 07:44:32,50.7,103.47,19.18,65,100,2.57,overcast clouds,0,0
46,Ushuaia,AR,2020-02-24 07:44:33,-54.8,-68.3,42.8,70,75,19.46,light intensity drizzle,0,0
47,Buala,SB,2020-02-24 07:44:33,-8.14,159.59,82.02,79,18,2.75,light rain,0.44,0
48,Butaritari,KI,2020-02-24 07:44:33,3.07,172.79,83.95,81,100,27.69,heavy intensity rain,12.19,0
49,Kaeo,NZ,2020-02-24 07:44:33,-35.1,173.78,66.0,79,0,12.59,clear sky,0,0
50,Koforidua,GH,2020-02-24 07:44:33,6.09,-0.26,87.03,62,42,3.15,scattered clouds,0,0
51,Boralday,KZ,2020-02-24 07:44:34,43.36,76.86,42.8,70,75,6.71,broken clouds,0,0
52,Waingapu,ID,2020-02-24 07:44:34,-9.66,120.26,85.5,73,0,11.36,clear sky,0,0
53,Illela,NG,2020-02-24 07:44:34,13.73,5.3,78.89,12,14,25.43,few clouds,0,0
54,Cherskiy,RU,2020-02-24 07:44:34,68.75,161.3,-26.64,89,15,3.69,few clouds,0,0
55,Coahuayana,MX,2020-02-24 07:44:34,18.73,-103.68,71.38,65,0,2.77,clear sky,0,0
56,Bambous Virieux,MU,2020-02-24 07:44:35,-20.34,57.76,86.0,66,40,5.82,scattered clouds,0,0
57,Port Elizabeth,ZA,2020-02-24 07:44:35,-33.92,25.57,68.0,56,0,4.7,clear sky,0,0
58,Dikson,RU,2020-02-24 07:44:35,73.51,80.55,24.71,89,100,27.04,light snow,0,0.13
59,San Patricio,MX,2020-02-24 07:43:41,19.22,-104.7,75.31,80,0,5.66,clear sky,0,0
60,Ossora,RU,2020-02-24 07:44:36,59.24,163.07,8.22,95,100,4.9,light snow,0,0.19
61,Crixas,BR,2020-02-24 07:44:36,-14.55,-49.97,71.62,93,100,1.57,light rain,1.13,0
62,Provideniya,RU,2020-02-24 07:44:36,64.38,-173.3,-1.73,66,92,4.14,overcast clouds,0,0
63,Boden,SE,2020-02-24 07:44:36,65.83,21.69,33.8,59,100,24.16,overcast clouds,0,0
64,Kavieng,PG,2020-02-24 07:44:37,-2.57,150.8,85.19,69,41,6.78,scattered clouds,0,0
65,Tyulyachi,RU,2020-02-24 07:44:37,55.89,50.24,32.0,93,75,8.95,broken clouds,0,0
66,Innisfail,AU,2020-02-24 07:39:57,-17.53,146.03,73.99,92,100,3.0,light rain,2.44,0
67,Mar Del Plata,AR,2020-02-24 07:44:37,-38.0,-57.56,64.0,93,20,9.17,few clouds,0,0
68,Barrow,US,2020-02-24 07:44:38,71.29,-156.79,-20.2,75,40,11.41,scattered clouds,0,0
69,Tasiilaq,GL,2020-02-24 07:44:38,65.61,-37.64,8.6,60,93,1.12,overcast clouds,0,0
70,Vestmannaeyjar,IS,2020-02-24 07:44:38,63.44,-20.27,35.6,68,40,20.8,scattered clouds,0,0
71,Jalu,LY,2020-02-24 07:44:39,29.03,21.55,58.41,53,68,11.54,broken clouds,0,0
72,Hobyo,SO,2020-02-24 07:44:39,5.35,48.53,88.77,48,100,22.59,overcast clouds,0,0
73,Merrill,US,2020-02-24 07:44:39,45.18,-89.68,30.2,85,1,3.36,clear sky,0,0
74,Tautira,PF,2020-02-24 07:44:39,-17.73,-149.15,78.8,83,40,3.36,scattered clouds,0,0
75,Vadso,NO,2020-02-24 07:44:40,70.07,29.75,35.6,80,75,13.87,broken clouds,0,0
76,Aleksandrovsk-Sakhalinskiy,RU,2020-02-24 07:44:40,50.9,142.16,1.54,95,51,2.01,broken clouds,0,0
77,Komsomolskiy,UZ,2020-02-24 07:44:40,40.43,71.72,53.6,71,75,3.49,mist,0,0
78,Nanortalik,GL,2020-02-24 07:44:40,60.14,-45.24,25.95,72,100,16.4,snow,0,4.75
79,Ivanjica,RS,2020-02-24 07:44:41,43.58,20.23,48.2,93,100,8.05,light rain,0.44,0
80,Chapais,CA,2020-02-24 07:44:41,49.78,-74.85,26.6,86,90,10.29,light snow,0,0
81,Fortuna,US,2020-02-24 07:44:38,40.6,-124.16,44.6,93,1,2.77,clear sky,0,0
82,Kahului,US,2020-02-24 07:40:35,20.89,-156.47,73.4,78,20,8.05,few clouds,0,0
83,Kirkwood,US,2020-02-24 07:44:41,38.58,-90.41,46.99,81,90,3.36,light rain,0,0
84,Bredasdorp,ZA,2020-02-24 07:44:42,-34.53,20.04,70.0,60,40,11.41,scattered clouds,0,0
85,Grenfell,AU,2020-02-24 07:44:42,-33.9,148.17,82.65,27,81,4.83,broken clouds,0,0
86,New Norfolk,AU,2020-02-24 07:40:17,-42.78,147.06,69.8,60,75,13.87,broken clouds,0,0
87,Yulara,AU,2020-02-24 07:44:42,-25.24,130.99,100.4,8,0,13.87,clear sky,0,0
88,Mahebourg,MU,2020-02-24 07:44:43,-20.41,57.7,86.0,66,40,5.82,scattered clouds,0,0
89,Paso De Carrasco,UY,2020-02-24 07:44:43,-34.86,-56.05,62.6,77,0,12.75,clear sky,0,0
90,Sovetskiy,RU,2020-02-24 07:44:43,61.36,63.58,26.91,81,94,17.13,overcast clouds,0,0
91,Isangel,VU,2020-02-24 07:44:43,-19.55,169.27,77.36,77,24,14.99,light rain,0.13,0
92,Vryburg,ZA,2020-02-24 07:44:43,-26.96,24.73,76.51,45,91,9.64,overcast clouds,0,0
93,Mitsamiouli,KM,2020-02-24 07:44:44,-11.38,43.28,87.8,74,20,9.17,few clouds,0,0
94,Ilhabela,BR,2020-02-24 07:41:15,-23.78,-45.36,74.84,73,96,9.13,overcast clouds,0,0
95,Erzincan,TR,2020-02-24 07:44:44,39.75,39.5,41.0,97,40,6.93,scattered clouds,0,0
96,Alyangula,AU,2020-02-24 07:44:45,-13.85,136.42,89.6,66,75,10.29,broken clouds,0,0
97,Ilulissat,GL,2020-02-24 07:44:45,69.22,-51.1,5.0,65,97,6.93,overcast clouds,0,0
98,Castro,BR,2020-02-24 07:40:59,-24.79,-50.01,56.34,95,98,5.79,overcast clouds,0,0
99,Sa Kaeo,TH,2020-02-24 07:44:45,13.81,102.07,97.72,17,0,4.29,clear sky,0,0
100,Kilindoni,TZ,2020-02-24 07:44:45,-7.91,39.67,85.03,78,88,15.48,light rain,0.13,0
101,Port Alfred,ZA,2020-02-24 07:44:46,-33.59,26.89,69.01,79,0,1.99,clear sky,0,0
102,Codrington,AU,2020-02-24 07:44:46,-38.27,141.97,63.28,85,100,14.7,overcast clouds,0,0
103,Noumea,NC,2020-02-24 07:41:17,-22.28,166.46,84.0,61,40,13.87,scattered clouds,0,0
104,Santo Antonio Do Ica,BR,2020-02-24 07:44:46,-3.1,-67.94,73.22,99,100,2.3,light rain,1.81,0
105,Sinnamary,GF,2020-02-24 07:44:47,5.38,-52.95,78.48,84,100,18.21,light rain,0.25,0
106,Saint-Philippe,RE,2020-02-24 07:44:47,-21.36,55.77,86.0,66,14,8.05,few clouds,0,0
107,Kapaa,US,2020-02-24 07:44:47,22.08,-159.32,73.4,73,40,3.36,scattered clouds,0,0
108,Iqaluit,CA,2020-02-24 07:44:47,63.75,-68.51,-23.01,67,75,2.24,broken clouds,0,0
109,Salmas,IR,2020-02-24 07:40:44,38.2,44.77,41.0,80,25,16.11,scattered clouds,0,0
110,Sergeyevka,KZ,2020-02-24 07:44:48,53.88,67.42,19.09,92,55,7.7,broken clouds,0,0
111,Bathsheba,BB,2020-02-24 07:44:48,13.22,-59.52,78.8,78,20,14.99,few clouds,0,0
112,Valparaiso,CL,2020-02-24 07:44:48,-33.04,-71.63,59.0,93,40,3.78,scattered clouds,0,0
113,Sola,VU,2020-02-24 07:44:48,-13.88,167.55,83.41,77,0,16.08,clear sky,0,0
114,Egvekinot,RU,2020-02-24 07:44:49,66.32,-179.17,-23.8,90,0,2.21,clear sky,0,0
115,Kadom,RU,2020-02-24 07:44:49,54.56,42.47,32.18,95,36,11.07,scattered clouds,0,0
116,Pangody,RU,2020-02-24 07:44:49,65.85,74.49,26.46,87,89,20.47,overcast clouds,0,0
117,Torbat-E Jam,IR,2020-02-24 07:44:50,35.24,60.62,63.86,29,72,12.5,broken clouds,0,0
118,Roald,NO,2020-02-24 07:44:50,62.58,6.13,37.4,86,75,14.99,broken clouds,0,0
119,Olavarria,AR,2020-02-24 07:44:50,-36.89,-60.32,58.71,54,90,9.64,overcast clouds,0,0
120,Hovd,MN,2020-02-24 07:44:50,48.01,91.64,23.97,61,52,5.03,broken clouds,0,0
121,Salalah,OM,2020-02-24 07:44:51,17.02,54.09,80.6,57,10,3.36,clear sky,0,0
122,Avarua,CK,2020-02-24 07:44:51,-21.21,-159.78,77.0,100,100,1.12,overcast clouds,0,0
123,Coihaique,CL,2020-02-24 07:44:51,-45.58,-72.07,53.6,58,90,4.7,overcast clouds,0,0
124,Puerto Ayora,EC,2020-02-24 07:44:51,-0.74,-90.35,77.0,100,74,5.01,broken clouds,0,0
125,Bluff,NZ,2020-02-24 07:44:51,-46.6,168.33,63.0,63,100,3.0,overcast clouds,0,0
126,San Jeronimo,PE,2020-02-24 07:44:52,-11.95,-75.28,42.96,86,70,3.42,light rain,0.19,0
127,Gualeguaychu,AR,2020-02-24 07:44:52,-33.01,-58.52,64.0,81,0,3.0,clear sky,0,0
128,Kaitangata,NZ,2020-02-24 07:44:52,-46.28,169.85,59.0,80,87,3.2,overcast clouds,0,0
129,Saint George,US,2020-02-24 07:44:22,37.1,-113.58,46.4,65,0,4.32,clear sky,0,0
130,Sambava,MG,2020-02-24 07:44:52,-14.27,50.17,89.01,67,32,4.76,light rain,1.25,0
131,Te Anau,NZ,2020-02-24 07:44:53,-45.42,167.72,53.47,81,85,8.28,overcast clouds,0,0
132,Falmouth,GB,2020-02-24 07:44:53,50.15,-5.07,51.01,100,100,33.33,overcast clouds,0,0
133,Ribeira Grande,PT,2020-02-24 07:44:53,38.52,-28.7,57.2,82,40,5.82,scattered clouds,0,0
134,Oxford,GB,2020-02-24 07:44:53,51.75,-1.26,52.0,100,75,18.34,broken clouds,0,0
135,Agirish,RU,2020-02-24 07:44:53,61.92,63.02,29.26,77,100,18.16,overcast clouds,0,0
136,Bikin,RU,2020-02-24 07:44:54,46.82,134.26,17.31,97,99,5.1,light snow,0,0.19
137,Goderich,CA,2020-02-24 07:44:54,43.75,-81.72,39.0,75,100,7.31,overcast clouds,0,0
138,Aklavik,CA,2020-02-24 07:44:54,68.22,-135.01,-5.8,76,90,3.36,light snow,0,0
139,Chuy,UY,2020-02-24 07:44:54,-33.7,-53.46,62.65,85,0,7.09,clear sky,0,0
140,Anadyr,RU,2020-02-24 07:44:54,64.75,177.48,-11.2,69,65,6.71,broken clouds,0,0
141,Duma,CN,2020-02-24 07:44:55,34.77,108.14,69.8,30,0,8.95,clear sky,0,0
142,Kodiak,US,2020-02-24 07:44:55,57.79,-152.41,24.8,45,1,14.99,clear sky,0,0
143,Mardin,TR,2020-02-24 07:44:55,37.31,40.74,57.2,58,0,6.93,clear sky,0,0
144,Gravelbourg,CA,2020-02-24 07:44:55,49.88,-106.55,20.77,83,100,9.71,overcast clouds,0,0
145,Victoria,HK,2020-02-24 07:44:24,22.29,114.16,77.0,57,20,17.22,few clouds,0,0
146,Hithadhoo,MV,2020-02-24 07:44:56,-0.6,73.08,83.21,78,11,11.92,light rain,0.88,0
147,Verkhnyaya Inta,RU,2020-02-24 07:44:56,65.98,60.31,27.61,78,100,10.8,overcast clouds,0,0
148,Xichang,CN,2020-02-24 07:44:56,27.9,102.26,55.08,37,0,14.05,clear sky,0,0
149,Manokwari,ID,2020-02-24 07:44:56,-0.87,134.08,75.63,89,100,3.38,light rain,1.06,0
150,Labuhan,ID,2020-02-24 07:44:56,-6.88,112.21,82.9,83,85,8.55,moderate rain,8.19,0
151,Bubaque,GW,2020-02-24 07:44:57,11.28,-15.83,80.46,67,59,5.37,broken clouds,0,0
152,College,US,2020-02-24 07:44:57,64.86,-147.8,-11.2,75,1,2.33,clear sky,0,0
153,East London,ZA,2020-02-24 07:44:57,-33.02,27.91,69.8,56,0,3.36,clear sky,0,0
154,Mana,GF,2020-02-24 07:44:57,5.66,-53.78,74.59,92,100,2.93,light rain,0.19,0
155,Luderitz,NA,2020-02-24 07:44:58,-26.65,15.16,66.42,79,0,17.29,clear sky,0,0
156,Tuatapere,NZ,2020-02-24 07:44:58,-46.13,167.68,63.0,63,87,3.0,overcast clouds,0,0
157,Dunedin,NZ,2020-02-24 07:44:58,-45.87,170.5,59.0,80,43,7.87,scattered clouds,0,0
158,Sorland,NO,2020-02-24 07:44:58,67.67,12.69,32.0,60,40,18.34,shower rain,0,0
159,Vao,NC,2020-02-24 07:44:59,-22.67,167.48,78.98,73,36,14.14,scattered clouds,0,0
160,Duvan,RU,2020-02-24 07:44:59,55.7,57.9,29.28,96,100,13.65,light snow,0,1
161,Durango,MX,2020-02-24 07:44:59,24.83,-104.83,49.01,77,64,5.64,broken clouds,0,0
162,Cabo San Lucas,MX,2020-02-24 07:42:25,22.89,-109.91,63.0,75,31,8.21,scattered clouds,0,0
163,Nikolskoye,RU,2020-02-24 07:44:59,59.7,30.79,35.01,86,90,11.18,shower sleet,0,0
164,Puerto Colombia,CO,2020-02-24 07:45:00,10.99,-74.95,77.0,83,20,13.87,few clouds,0,0
165,Acapulco,MX,2020-02-24 07:44:03,16.86,-99.89,78.8,83,5,2.95,clear sky,0,0
166,Sangar,RU,2020-02-24 07:45:00,63.92,127.47,-9.08,94,100,3.78,overcast clouds,0,0
167,Skovorodino,RU,2020-02-24 07:45:00,53.98,123.92,16.05,81,63,4.07,broken clouds,0,0
168,Bosaso,SO,2020-02-24 07:45:01,11.28,49.18,80.6,74,20,14.99,few clouds,0,0
169,Los Llanos De Aridane,ES,2020-02-24 07:45:01,28.66,-17.92,71.6,53,100,11.41,haze,0,0
170,Matara,LK,2020-02-24 07:45:01,5.95,80.54,92.05,50,100,11.34,overcast clouds,0,0
171,The Pas,CA,2020-02-24 07:45:01,53.83,-101.25,23.0,79,90,8.05,overcast clouds,0,0
172,Coffs Harbour,AU,2020-02-24 07:45:01,-30.3,153.13,75.2,78,90,4.7,overcast clouds,0,0
173,Georgetown,MY,2020-02-24 07:44:33,5.41,100.34,91.4,66,20,11.41,few clouds,0,0
174,Paignton,GB,2020-02-24 07:45:02,50.44,-3.57,52.0,91,100,17.0,light rain,0,0
175,Margate,GB,2020-02-24 07:45:02,51.38,1.39,51.01,100,100,26.4,light rain,0,0
176,Lazaro Cardenas,MX,2020-02-24 07:45:02,17.96,-102.2,70.2,93,20,4.14,few clouds,0,0
177,Kurchum,KZ,2020-02-24 07:45:03,48.57,83.65,18.55,87,94,3.22,overcast clouds,0,0
178,Kununurra,AU,2020-02-24 07:45:03,-15.77,128.73,104.0,15,100,10.29,overcast clouds,0,0
179,Krasnoselkup,RU,2020-02-24 07:45:03,65.7,82.47,26.28,88,100,22.77,light snow,0,0.19
180,Port Macquarie,AU,2020-02-24 07:40:44,-31.43,152.92,75.2,78,90,2.24,overcast clouds,0,0
181,Khandyga,RU,2020-02-24 07:45:04,62.67,135.6,-6.03,99,100,1.48,overcast clouds,0,0
182,Clyde River,CA,2020-02-24 07:45:04,70.47,-68.59,-14.8,75,90,18.34,light snow,0,0
183,Maceio,BR,2020-02-24 07:40:18,-9.67,-35.74,77.0,94,40,5.82,scattered clouds,0,0
184,Ruteng,ID,2020-02-24 07:45:04,-8.61,120.47,77.81,70,30,4.94,scattered clouds,0,0
185,Houma,US,2020-02-24 07:45:04,29.6,-90.72,57.2,93,75,3.36,broken clouds,0,0
186,Kalavad,IN,2020-02-24 07:45:05,22.22,70.38,87.8,33,0,10.29,clear sky,0,0
187,Alofi,NU,2020-02-24 07:45:05,-19.06,-169.92,78.8,94,100,4.7,overcast clouds,0,0
188,Hasaki,JP,2020-02-24 07:45:05,35.73,140.83,61.0,47,20,11.41,few clouds,0,0
189,Kiama,AU,2020-02-24 07:45:05,-34.68,150.87,78.8,61,15,12.75,few clouds,0,0
190,Necochea,AR,2020-02-24 07:45:05,-38.55,-58.74,61.0,80,0,14.0,clear sky,0,0
191,Uige,AO,2020-02-24 07:45:06,-7.61,15.06,69.69,93,100,1.12,light rain,0.44,0
192,Sint-Gillis-Waas,BE,2020-02-24 07:45:06,51.23,4.12,43.0,80,90,4.7,light intensity shower rain,0,0
193,Poltavka,RU,2020-02-24 07:45:06,54.37,71.76,11.43,93,68,5.3,broken clouds,0,0
194,Gimli,CA,2020-02-24 07:45:06,50.63,-96.99,19.0,88,34,6.13,scattered clouds,0,0
195,Roebourne,AU,2020-02-24 07:45:07,-20.78,117.13,98.53,29,100,16.04,overcast clouds,0,0
196,San Quintin,MX,2020-02-24 07:45:07,30.48,-115.95,55.78,90,0,10.83,clear sky,0,0
197,Guerrero Negro,MX,2020-02-24 07:45:07,27.98,-114.06,57.7,87,92,13.87,overcast clouds,0,0
198,Khatanga,RU,2020-02-24 07:41:59,71.97,102.5,18.41,87,100,19.17,overcast clouds,0,0
199,Kenai,US,2020-02-24 07:45:07,60.55,-151.26,0.0,77,1,8.37,clear sky,0,0
200,Tambura,SS,2020-02-24 07:45:08,5.6,27.47,98.67,8,0,9.1,clear sky,0,0
201,Sitka,US,2020-02-24 07:45:08,57.05,-135.33,30.2,86,75,5.82,light snow,0,0
202,Ferrol,ES,2020-02-24 07:45:08,43.48,-8.24,52.0,100,90,4.7,fog,0,0
203,Ushtobe,KZ,2020-02-24 07:45:08,45.25,77.98,39.51,78,99,2.86,overcast clouds,0,0
204,Eureka,US,2020-02-24 07:45:08,40.8,-124.16,44.6,93,1,2.42,clear sky,0,0
205,Yokadouma,CM,2020-02-24 07:45:09,3.52,15.05,90.03,19,85,3.06,overcast clouds,0,0
206,Qaanaaq,GL,2020-02-24 07:45:09,77.48,-69.36,-14.13,49,0,5.39,clear sky,0,0
207,Murray Bridge,AU,2020-02-24 07:45:09,-35.12,139.27,84.99,51,34,1.99,scattered clouds,0,0
208,General Pico,AR,2020-02-24 07:45:09,-35.66,-63.76,62.29,48,0,8.99,clear sky,0,0
209,Jiuquan,CN,2020-02-24 07:45:09,39.74,98.52,37.54,29,0,4.52,clear sky,0,0
210,Faya,SA,2020-02-24 07:45:10,18.39,42.45,71.6,37,0,9.17,clear sky,0,0
211,Talnakh,RU,2020-02-24 07:45:10,69.49,88.4,17.6,92,75,31.32,broken clouds,0,0
212,Lipin Bor,RU,2020-02-24 07:45:10,60.26,37.98,33.1,95,97,7.23,light snow,0,0.13
213,Jumla,NP,2020-02-24 07:45:10,29.27,82.18,51.01,95,34,5.59,scattered clouds,0,0
214,Carson City,US,2020-02-24 07:45:07,39.16,-119.77,39.0,79,1,4.47,clear sky,0,0
215,Satipo,PE,2020-02-24 07:45:11,-11.25,-74.64,60.64,97,86,0.4,overcast clouds,0,0
216,Vila,PT,2020-02-24 07:45:11,42.03,-8.16,53.01,81,0,6.93,clear sky,0,0
217,San Rafael,AR,2020-02-24 07:45:11,-34.62,-68.33,65.7,44,0,4.21,clear sky,0,0
218,Okhotsk,RU,2020-02-24 07:45:11,59.38,143.3,-8.7,79,99,4.56,overcast clouds,0,0
219,Aswan,EG,2020-02-24 07:45:11,24.09,32.91,63.95,29,100,7.67,overcast clouds,0,0
220,Narsaq,GL,2020-02-24 07:45:12,60.92,-46.05,23.0,73,100,3.36,light snow,0,0
221,Gorontalo,ID,2020-02-24 07:45:12,0.54,123.06,84.22,68,21,2.93,few clouds,0,0
222,Caravelas,BR,2020-02-24 07:45:12,-17.71,-39.25,79.25,84,82,10.76,light rain,2.13,0
223,Souillac,MU,2020-02-24 07:45:12,-20.52,57.52,86.0,66,40,5.82,scattered clouds,0,0
224,Watertown,US,2020-02-24 07:43:50,42.37,-71.18,37.4,69,1,4.7,clear sky,0,0
225,Airai,TL,2020-02-24 07:45:13,-8.93,125.41,74.8,85,59,1.1,light rain,1.94,0
226,Tiznit,MA,2020-02-24 07:45:13,29.58,-9.5,64.56,15,91,11.63,overcast clouds,0,0
227,Yar-Sale,RU,2020-02-24 07:45:13,66.83,70.83,26.83,86,99,26.78,overcast clouds,0,0
228,Camacupa,AO,2020-02-24 07:40:38,-12.02,17.48,67.71,92,100,4.41,overcast clouds,0,0
229,Port-Cartier,CA,2020-02-24 07:45:14,50.03,-66.87,30.2,86,90,10.29,overcast clouds,0,0
230,Kibala,TD,2020-02-24 07:45:14,9.11,18.35,77.0,20,0,4.7,clear sky,0,0
231,Kota Belud,MY,2020-02-24 07:45:14,6.35,116.43,86.0,70,20,10.29,few clouds,0,0
232,Bom Jesus,BR,2020-02-24 07:45:03,-9.07,-44.36,70.23,96,64,0.58,light rain,1.38,0
233,Zhigansk,RU,2020-02-24 07:45:14,66.77,123.37,-2.81,95,100,15.03,overcast clouds,0,0
234,Saint-Augustin,CA,2020-02-24 07:45:15,51.23,-58.65,8.74,82,100,9.98,overcast clouds,0,0
235,Pevek,RU,2020-02-24 07:45:15,69.7,170.31,-21.35,93,0,8.01,clear sky,0,0
236,Lakes Entrance,AU,2020-02-24 07:45:15,-37.88,147.98,73.0,91,100,1.99,moderate rain,3.44,0
237,Sao Raimundo Nonato,BR,2020-02-24 07:45:15,-9.02,-42.7,70.99,97,8,0.72,light rain,0.88,0
238,Mount Isa,AU,2020-02-24 07:45:15,-20.73,139.5,84.2,74,75,6.93,broken clouds,0,0
239,Lebu,CL,2020-02-24 07:45:15,-37.62,-73.65,51.42,95,23,5.84,few clouds,0,0
240,Hamilton,US,2020-02-24 07:45:16,39.18,-84.53,42.01,80,1,4.34,clear sky,0,0
241,Tungor,RU,2020-02-24 07:45:16,53.38,142.96,-2.45,98,100,6.06,overcast clouds,0,0
242,Nantucket,US,2020-02-24 07:45:16,41.28,-70.1,39.0,100,1,5.82,clear sky,0,0
243,Atar,MR,2020-02-24 07:45:16,20.52,-13.05,81.03,12,100,20.89,overcast clouds,0,0
244,Haapiti,PF,2020-02-24 07:45:16,-17.57,-149.87,78.8,83,40,3.36,scattered clouds,0,0
245,Changji,CN,2020-02-24 07:45:17,44.02,87.32,35.6,64,100,6.71,overcast clouds,0,0
246,Esperance,AU,2020-02-24 07:45:17,-33.87,121.9,75.2,64,37,21.92,scattered clouds,0,0
247,Kavaratti,IN,2020-02-24 07:45:17,10.57,72.64,82.72,68,96,4.74,overcast clouds,0,0
248,Nemuro,JP,2020-02-24 07:45:17,43.32,145.57,26.6,58,40,3.36,scattered clouds,0,0
249,Hereford,GB,2020-02-24 07:45:18,52.06,-2.71,51.01,95,100,3.0,moderate rain,0,0
250,Port Hedland,AU,2020-02-24 07:45:18,-20.32,118.57,96.8,47,100,14.99,overcast clouds,0,0
251,Sorong,ID,2020-02-24 07:45:18,-0.88,131.25,81.43,79,100,3.78,overcast clouds,0,0
252,Lorengau,PG,2020-02-24 07:45:18,-2.02,147.27,84.85,71,9,7.49,clear sky,0,0
253,Flin Flon,CA,2020-02-24 07:45:19,54.77,-101.86,14.34,95,100,6.4,light snow,0,0.31
254,Barcelos,PT,2020-02-24 07:45:19,41.54,-8.62,53.01,100,0,2.24,clear sky,0,0
255,Maragogi,BR,2020-02-24 07:45:19,-9.01,-35.22,81.91,77,5,15.68,light rain,0.25,0
256,Salinas,US,2020-02-24 07:43:52,36.68,-121.66,52.0,81,40,6.93,scattered clouds,0,0
257,Bairiki,KI,2020-02-24 07:45:19,1.33,172.98,86.0,79,40,8.05,scattered clouds,0,0
258,Iki-Burul,RU,2020-02-24 07:45:19,45.82,44.65,41.0,86,75,11.18,light intensity shower rain,0,0
259,Keetmanshoop,NA,2020-02-24 07:45:20,-26.58,18.13,82.4,34,0,12.75,clear sky,0,0
260,Rio Verde De Mato Grosso,BR,2020-02-24 07:45:20,-18.92,-54.84,69.8,98,65,3.02,broken clouds,0,0
261,Maldonado,UY,2020-02-24 07:45:20,-34.67,-54.92,62.6,88,27,6.93,scattered clouds,0,0
262,Mahanje,TZ,2020-02-24 07:45:21,-9.93,35.33,81.41,74,79,6.55,light rain,1.75,0
263,Mokrousovo,RU,2020-02-24 07:45:21,55.81,66.77,19.92,94,100,12.3,overcast clouds,0,0
264,Jega,NG,2020-02-24 07:45:21,12.22,4.38,82.56,10,71,23.94,broken clouds,0,0
265,Naze,JP,2020-02-24 07:45:21,28.37,129.48,68.0,63,20,4.7,few clouds,0,0
266,North Bend,US,2020-02-24 07:45:22,43.41,-124.22,42.8,93,90,5.82,overcast clouds,0,0
267,Carnot,CF,2020-02-24 07:45:22,4.94,15.87,93.2,11,4,5.48,clear sky,0,0
268,Pinsk,BY,2020-02-24 07:45:22,52.12,26.1,40.73,67,95,19.8,light snow,0,0.63
269,Lata,PT,2020-02-24 07:45:22,40.16,-8.33,48.99,100,0,1.12,clear sky,0,0
270,Bengkulu,ID,2020-02-24 07:45:23,-3.8,102.27,86.99,63,75,4.88,broken clouds,0,0
271,Anloga,GH,2020-02-24 07:45:23,5.79,0.9,86.2,70,68,7.72,broken clouds,0,0
272,Luena,AO,2020-02-24 07:45:23,-11.78,19.92,66.2,100,75,5.82,broken clouds,0,0
273,Polignano A Mare,IT,2020-02-24 07:45:23,41.0,17.22,57.0,100,0,2.24,clear sky,0,0
274,Sungaipenuh,ID,2020-02-24 07:45:23,-2.08,101.38,74.46,73,68,4.18,light rain,1.5,0
275,Gat,IL,2020-02-24 07:45:23,31.61,34.76,60.01,76,40,1.12,scattered clouds,0,0
276,Teluknaga,ID,2020-02-24 07:45:24,-6.1,106.64,91.99,66,75,11.41,broken clouds,0,0
277,Huron,US,2020-02-24 07:45:24,41.15,-82.55,42.01,60,75,9.17,broken clouds,0,0
278,Ahuimanu,US,2020-02-24 07:42:31,21.44,-157.84,75.2,69,20,8.05,few clouds,0,0
279,Lengshuitan,CN,2020-02-24 07:45:24,26.41,111.6,74.97,54,7,13.4,clear sky,0,0
280,San Cristobal,VE,2020-02-24 07:45:24,7.77,-72.22,53.73,97,74,1.48,light rain,0.38,0
281,Santa Cruz,BO,2020-02-24 07:41:26,-17.8,-63.17,71.6,83,75,3.36,broken clouds,0,0
282,Karratha,AU,2020-02-24 07:45:25,-20.74,116.85,85.08,71,29,12.57,scattered clouds,0,0
283,Krasnyy Yar,RU,2020-02-24 07:45:25,46.53,48.35,46.0,57,100,13.42,overcast clouds,0,0
284,Ruza,RU,2020-02-24 07:45:11,55.7,36.2,33.8,80,75,13.42,light shower snow,0,0
285,South Lake Tahoe,US,2020-02-24 07:40:35,38.93,-119.98,43.0,79,1,4.47,clear sky,0,0
286,Paramonga,PE,2020-02-24 07:45:26,-10.67,-77.83,71.64,90,31,7.43,scattered clouds,0,0
287,Korla,CN,2020-02-24 07:45:26,41.76,86.15,37.96,39,33,3.44,scattered clouds,0,0
288,Havelock,US,2020-02-24 07:40:40,34.88,-76.9,46.4,81,1,2.77,clear sky,0,0
289,Guarenas,VE,2020-02-24 07:45:26,10.47,-66.61,68.0,97,64,1.12,broken clouds,0,0
290,Hay River,CA,2020-02-24 07:45:26,60.82,-115.8,-14.8,83,5,5.7,clear sky,0,0
291,Niagara Falls,CA,2020-02-24 07:40:46,43.1,-79.07,44.6,52,1,20.8,clear sky,0,0
292,Moron,AR,2020-02-24 07:45:27,-34.65,-58.62,73.4,77,0,3.36,clear sky,0,0
293,Alice Springs,AU,2020-02-24 07:45:27,-23.7,133.88,95.0,16,20,20.8,few clouds,0,0
294,Saint-Jovite,CA,2020-02-24 07:45:27,46.12,-74.6,32.0,86,75,2.24,broken clouds,0,0
295,Wanning,CN,2020-02-24 07:45:27,18.8,110.4,74.62,74,0,5.61,clear sky,0,0
296,Tecpatan,MX,2020-02-24 07:45:28,17.13,-93.3,64.2,93,31,2.15,scattered clouds,0,0
297,Kuala Sungai Baru,MY,2020-02-24 07:45:28,2.36,102.04,91.4,62,40,11.41,scattered clouds,0,0
298,Dhidhdhoo,MV,2020-02-24 07:45:28,6.88,73.1,83.23,70,33,9.28,scattered clouds,0,0
299,Karla,EE,2020-02-24 07:45:28,59.37,24.93,37.99,59,40,17.22,scattered clouds,0,0
300,Quelimane,MZ,2020-02-24 07:45:29,-17.88,36.89,86.0,79,75,9.17,broken clouds,0,0
301,Vardo,NO,2020-02-24 07:45:29,70.37,31.11,35.6,80,40,13.87,scattered clouds,0,0
302,Batasan,PH,2020-02-24 07:45:29,12.77,120.78,76.69,64,55,6.26,broken clouds,0,0
303,Carnarvon,AU,2020-02-24 07:45:29,-24.87,113.63,84.2,54,0,16.11,clear sky,0,0
304,Naryan-Mar,RU,2020-02-24 07:45:30,67.67,53.09,28.29,86,97,23.69,overcast clouds,0,0
305,Biak,ID,2020-02-24 07:45:30,-0.91,122.88,85.24,74,32,12.21,light rain,1,0
306,Saldanha,ZA,2020-02-24 07:45:30,-33.01,17.94,78.8,29,0,3.36,clear sky,0,0
307,Sinor,IN,2020-02-24 07:45:30,21.92,73.33,84.2,37,0,5.82,clear sky,0,0
308,Kudahuvadhoo,MV,2020-02-24 07:45:30,2.67,72.89,83.46,77,60,17.13,light rain,0.19,0
309,Mendeleyevsk,RU,2020-02-24 07:45:31,55.91,52.29,28.4,92,75,15.66,shower snow,0,0
310,Catamarca,AR,2020-02-24 07:45:31,-28.47,-65.79,54.0,94,1,2.01,clear sky,0,0
311,Ponta Do Sol,PT,2020-02-24 07:45:31,32.67,-17.1,70.0,55,20,24.16,few clouds,0,0
312,Launceston,AU,2020-02-24 07:45:31,-41.45,147.17,69.8,56,90,16.11,overcast clouds,0,0
313,Canar,EC,2020-02-24 07:45:32,-2.55,-78.93,57.2,93,99,3.36,moderate rain,4.44,0
314,Aban,RU,2020-02-24 07:45:32,56.67,96.06,20.79,89,98,2.15,overcast clouds,0,0
315,Uniontown,US,2020-02-24 07:45:32,39.9,-79.72,41.0,40,1,8.05,clear sky,0,0
316,Taksimo,RU,2020-02-24 07:45:32,56.34,114.88,11.7,91,38,1.72,scattered clouds,0,0
317,Taltal,CL,2020-02-24 07:45:33,-25.4,-70.48,58.95,93,69,1.59,broken clouds,0,0
318,Yeppoon,AU,2020-02-24 07:45:33,-23.13,150.73,80.6,78,90,4.7,overcast clouds,0,0
319,Sagua La Grande,CU,2020-02-24 07:45:33,22.81,-80.08,59.0,93,20,1.12,few clouds,0,0
320,Kizner,RU,2020-02-24 07:45:33,56.27,51.51,32.2,95,100,10.56,light snow,0,0.81
321,Verkhoyansk,RU,2020-02-24 07:45:33,67.54,133.38,-16.28,94,75,2.59,broken clouds,0,0
322,Lahuachaca,BO,2020-02-24 07:45:34,-17.37,-67.67,45.45,90,100,5.1,light rain,0.88,0
323,Banki,IN,2020-02-24 07:45:34,20.38,85.53,75.2,64,75,16.11,haze,0,0
324,Saint-Pierre,RE,2020-02-24 07:45:34,-21.34,55.48,86.0,66,0,8.05,clear sky,0,0
325,Muromtsevo,RU,2020-02-24 07:45:34,56.37,75.24,20.73,93,99,7.31,overcast clouds,0,0
326,Port-Gentil,GA,2020-02-24 07:45:34,-0.72,8.78,80.6,94,20,4.7,few clouds,0,0
327,Zhigalovo,RU,2020-02-24 07:45:35,54.81,105.16,19.27,85,17,1.57,few clouds,0,0
328,Qidong,CN,2020-02-24 07:45:35,31.81,121.66,71.01,52,100,7.0,overcast clouds,0,0
329,Filadelfia,US,2020-02-24 07:42:47,39.95,-75.16,36.0,73,1,3.51,clear sky,0,0
330,Hofn,IS,2020-02-24 07:45:35,64.25,-15.21,38.8,84,100,25.86,light snow,0,1.44
331,Puerto Leguizamo,CO,2020-02-24 07:45:36,-0.19,-74.78,72.07,99,100,0.45,light rain,0.5,0
332,Fayetteville,US,2020-02-24 07:44:15,35.05,-78.88,48.99,61,1,4.43,clear sky,0,0
333,Geraldton,AU,2020-02-24 07:45:36,-28.77,114.6,82.4,61,0,21.92,clear sky,0,0
334,Balakhninskiy,RU,2020-02-24 07:45:36,58.01,114.28,16.68,89,100,7.49,light snow,0,0.19
335,Celestun,MX,2020-02-24 07:45:36,20.87,-90.4,72.07,86,0,17.0,clear sky,0,0
336,Sooke,CA,2020-02-24 07:45:37,48.37,-123.73,44.01,70,20,10.29,few clouds,0,0
337,Arman,RU,2020-02-24 07:45:37,59.7,150.17,-0.27,92,7,7.16,clear sky,0,0
338,Abu Dhabi,AE,2020-02-24 07:45:02,24.47,54.37,82.4,51,99,3.36,overcast clouds,0,0
339,Hohhot,CN,2020-02-24 07:45:37,40.81,111.65,55.4,24,92,6.71,overcast clouds,0,0
340,Torbay,CA,2020-02-24 07:45:37,47.67,-52.73,27.0,92,20,16.11,few clouds,0,0
341,Weatherford,US,2020-02-24 07:45:38,32.76,-97.8,62.6,87,75,16.11,broken clouds,0,0
342,Avera,US,2020-02-24 07:45:38,33.19,-82.53,53.01,76,90,3.36,overcast clouds,0,0
343,Srednekolymsk,RU,2020-02-24 07:45:38,67.45,153.68,-20.58,98,100,2.13,overcast clouds,0,0
344,Prince Rupert,CA,2020-02-24 07:45:38,54.32,-130.32,33.8,86,75,8.52,light snow,0,0
345,Vanavara,RU,2020-02-24 07:45:38,60.34,102.28,20.62,86,49,9.19,scattered clouds,0,0
346,Hurricane,US,2020-02-24 07:45:39,37.18,-113.29,46.4,65,0,4.32,clear sky,0,0
347,Tulun,RU,2020-02-24 07:45:39,54.56,100.58,17.4,91,100,5.19,overcast clouds,0,0
348,Manjakandriana,MG,2020-02-24 07:45:39,-18.92,47.8,77.0,73,40,6.93,scattered clouds,0,0
349,Antofagasta,CL,2020-02-24 07:43:33,-23.65,-70.4,66.2,88,85,4.7,overcast clouds,0,0
350,Itarema,BR,2020-02-24 07:45:40,-2.92,-39.92,74.12,98,89,3.06,overcast clouds,0,0
351,Gorokhovets,RU,2020-02-24 07:45:40,56.19,42.7,33.8,90,90,13.42,light snow,0,0
352,Deputatskiy,RU,2020-02-24 07:45:40,69.3,139.9,-21.42,95,0,3.89,clear sky,0,0
353,Lulea,SE,2020-02-24 07:45:40,65.58,22.15,33.8,59,100,24.16,overcast clouds,0,0
354,Pacific Grove,US,2020-02-24 07:45:40,36.62,-121.92,51.8,81,40,6.93,scattered clouds,0,0
355,Chickasha,US,2020-02-24 07:45:41,35.05,-97.94,55.4,81,0,14.99,clear sky,0,0
356,Nara,JP,2020-02-24 07:43:11,34.69,135.8,55.4,28,66,9.17,broken clouds,0,0
357,Jacareacanga,BR,2020-02-24 07:45:41,-6.22,-57.75,69.39,98,95,1.25,overcast clouds,0,0
358,Mayumba,GA,2020-02-24 07:45:41,-3.43,10.66,82.49,79,50,8.75,scattered clouds,0,0
359,Baykit,RU,2020-02-24 07:45:41,61.67,96.37,19.17,86,100,7.07,overcast clouds,0,0
360,Ithaki,GR,2020-02-24 07:45:42,38.36,20.72,57.99,71,33,9.17,scattered clouds,0,0
361,Praya,CV,2020-02-24 07:45:42,14.92,-23.51,68.0,77,75,11.41,broken clouds,0,0
362,Neuquen,AR,2020-02-24 07:45:31,-38.95,-68.06,66.2,39,87,13.87,overcast clouds,0,0
363,Carballo,ES,2020-02-24 07:45:42,43.21,-8.69,52.0,100,90,4.7,fog,0,0
364,Constitucion,CL,2020-02-24 07:45:43,-35.33,-72.42,50.83,83,43,7.27,scattered clouds,0,0
365,Northam,GB,2020-02-24 07:45:43,51.03,-4.22,52.0,93,100,8.99,light rain,1.69,0
366,Sur,OM,2020-02-24 07:45:43,22.57,59.53,80.64,41,64,8.12,broken clouds,0,0
367,Tenosique,MX,2020-02-24 07:45:43,17.48,-91.43,63.48,97,2,4.99,clear sky,0,0
368,Tanout,NE,2020-02-24 07:45:43,14.97,8.89,69.73,19,0,24.9,clear sky,0,0
369,Richards Bay,ZA,2020-02-24 07:45:44,-28.78,32.04,71.87,70,100,12.03,light rain,0.56,0
370,Zeya,RU,2020-02-24 07:45:44,53.75,127.27,15.53,81,0,9.31,clear sky,0,0
371,Kupino,RU,2020-02-24 07:45:44,54.37,77.3,18.95,94,92,5.08,overcast clouds,0,0
372,Poum,NC,2020-02-24 07:45:44,-20.23,164.02,81.25,71,100,13.87,overcast clouds,0,0
373,Ancud,CL,2020-02-24 07:45:44,-41.87,-73.82,44.6,93,69,1.12,light rain,0.69,0
374,Murdochville,CA,2020-02-24 07:45:45,48.96,-65.5,19.87,95,100,5.06,overcast clouds,0,0
375,Opuwo,NA,2020-02-24 07:45:45,-18.06,13.84,80.67,20,95,9.75,overcast clouds,0,0
376,Darnah,LY,2020-02-24 07:45:45,32.77,22.64,57.63,68,23,13.96,few clouds,0,0
377,Mehamn,NO,2020-02-24 07:45:45,71.04,27.85,32.0,97,75,3.36,broken clouds,0,0
378,Kulhudhuffushi,MV,2020-02-24 07:45:45,6.62,73.07,83.03,76,10,13.82,clear sky,0,0
379,Kitgum,UG,2020-02-24 07:45:46,3.28,32.89,95.09,15,57,8.14,broken clouds,0,0
380,Ust-Kuyga,RU,2020-02-24 07:45:46,70.02,135.6,-16.67,100,99,7.25,overcast clouds,0,0
381,Morgan City,US,2020-02-24 07:45:46,29.7,-91.21,57.2,93,75,3.36,broken clouds,0,0
382,Brewster,US,2020-02-24 07:45:46,41.4,-73.62,43.0,68,5,3.0,clear sky,0,0
383,Touros,BR,2020-02-24 07:45:47,-5.2,-35.46,77.0,94,40,3.36,scattered clouds,0,0
384,Zhicheng,CN,2020-02-24 07:45:47,30.3,111.5,73.9,54,60,3.22,broken clouds,0,0
385,Russell,US,2020-02-24 07:45:34,32.35,-85.2,52.0,76,90,1.95,overcast clouds,0,0
386,Quatre Cocos,MU,2020-02-24 07:45:47,-20.21,57.76,86.0,66,40,5.82,scattered clouds,0,0
387,Roma,US,2020-02-24 07:45:28,43.21,-75.46,42.8,74,90,9.44,overcast clouds,0,0
388,Pombia,IT,2020-02-24 07:45:48,45.65,8.63,57.99,100,86,4.7,fog,0,0
389,Holme,DK,2020-02-24 07:45:48,56.11,10.17,37.99,86,100,9.17,overcast clouds,0,0
390,Katherine,AU,2020-02-24 07:45:48,-14.47,132.27,95.0,44,40,14.99,scattered clouds,0,0
391,Portland,US,2020-02-24 07:43:43,45.52,-122.68,43.0,93,90,4.7,light rain,0,0
392,Puerto Madryn,AR,2020-02-24 07:44:26,-42.77,-65.04,65.7,42,48,22.3,scattered clouds,0,0
393,Daltenganj,IN,2020-02-24 07:45:49,24.03,84.07,84.18,34,26,1.34,scattered clouds,0,0
394,Bam,IR,2020-02-24 07:45:49,29.11,58.36,74.77,16,0,4.92,clear sky,0,0
395,Kangaatsiaq,GL,2020-02-24 07:45:50,68.31,-53.46,2.1,88,100,7.99,light snow,0,0.13
396,Qostanay,KZ,2020-02-24 07:45:50,53.17,63.58,12.2,92,75,6.71,broken clouds,0,0
397,Umm Lajj,SA,2020-02-24 07:45:50,25.02,37.27,71.33,25,100,10.02,overcast clouds,0,0
398,Ojinaga,MX,2020-02-24 07:45:50,29.57,-104.42,62.6,25,1,20.8,clear sky,0,0
399,Yerbogachen,RU,2020-02-24 07:45:50,61.28,108.01,19.53,83,97,11.92,overcast clouds,0,0
400,Tromso,NO,2020-02-24 07:45:51,69.65,18.96,28.4,86,75,11.41,broken clouds,0,0
401,Lagoa,PT,2020-02-24 07:45:51,39.05,-27.98,59.72,80,20,12.1,few clouds,0,0
402,Zyryanka,RU,2020-02-24 07:45:51,65.75,150.85,-11.94,99,100,1.34,overcast clouds,0,0
403,Carutapera,BR,2020-02-24 07:45:51,-1.2,-46.02,82.47,78,99,12.57,light rain,0.81,0
404,Keflavik,IS,2020-02-24 07:45:52,64.0,-22.56,32.0,73,75,14.99,shower rain,0,0
405,Coquimbo,CL,2020-02-24 07:45:52,-29.95,-71.34,59.0,87,20,3.36,few clouds,0,0
406,Broome,US,2020-02-24 07:45:52,42.25,-75.83,36.0,85,1,5.7,clear sky,0,0
407,Tessalit,ML,2020-02-24 07:45:52,20.2,1.01,75.51,13,20,21.63,few clouds,0,0
408,Yaan,NG,2020-02-24 07:45:52,7.38,8.57,91.53,9,5,14.81,clear sky,0,0
409,Kruisfontein,ZA,2020-02-24 07:45:53,-34.0,24.73,73.62,35,0,4.9,clear sky,0,0
410,Pinega,RU,2020-02-24 07:45:53,64.7,43.39,32.45,89,100,10.58,light snow,0,0.13
411,Coxim,BR,2020-02-24 07:42:04,-18.51,-54.76,70.23,94,45,1.99,scattered clouds,0,0
412,Junnar,IN,2020-02-24 07:45:53,19.2,73.88,92.64,14,0,6.06,clear sky,0,0
413,Gotsu,JP,2020-02-24 07:45:54,35.0,132.22,57.2,58,0,10.29,clear sky,0,0
414,Shimoda,JP,2020-02-24 07:41:53,34.67,138.95,57.2,50,0,8.05,clear sky,0,0
415,Bambanglipuro,ID,2020-02-24 07:45:54,-7.95,110.28,82.8,78,78,8.43,moderate rain,6.69,0
416,Chillicothe,US,2020-02-24 07:45:54,39.33,-82.98,41.0,56,1,4.7,clear sky,0,0
417,Ceuta,ES,2020-02-24 07:45:55,35.89,-5.31,59.0,87,4,12.75,clear sky,0,0
418,Mega,ET,2020-02-24 07:45:55,4.05,38.3,84.87,12,59,21.21,broken clouds,0,0
419,Takaka,NZ,2020-02-24 07:45:55,-40.85,172.8,66.0,84,0,1.99,clear sky,0,0
420,Leeton,AU,2020-02-24 07:45:55,-34.57,146.4,87.8,29,74,3.36,broken clouds,0,0
421,Hammerfest,NO,2020-02-24 07:45:55,70.66,23.68,30.2,92,90,19.46,light snow,0,0
422,Ocos,GT,2020-02-24 07:45:56,14.51,-92.19,73.4,94,5,2.71,clear sky,0,0
423,Comodoro Rivadavia,AR,2020-02-24 07:40:59,-45.87,-67.5,62.6,42,100,13.87,overcast clouds,0,0
424,Keuruu,FI,2020-02-24 07:45:56,62.27,24.7,30.99,63,20,17.22,few clouds,0,0
425,Bol,TD,2020-02-24 07:45:56,13.46,14.71,74.5,29,0,21.63,clear sky,0,0
426,Julio De Castilhos,BR,2020-02-24 07:45:57,-29.23,-53.68,56.71,94,0,5.55,clear sky,0,0
427,Adrar,MR,2020-02-24 07:45:57,20.5,-10.07,77.86,11,100,22.79,overcast clouds,0,0
428,Ponnani,IN,2020-02-24 07:45:57,10.77,75.93,91.4,49,20,6.93,few clouds,0,0
429,San Miguel De Sema,CO,2020-02-24 07:45:57,5.52,-73.72,51.19,97,88,2.48,overcast clouds,0,0
430,Mao,ES,2020-02-24 07:45:57,39.89,4.27,51.8,100,0,5.82,clear sky,0,0
431,Huanren,CN,2020-02-24 07:45:58,41.26,125.37,27.46,92,100,2.24,overcast clouds,0,0
432,Makat,KZ,2020-02-24 07:45:58,47.65,53.35,46.27,63,99,9.89,overcast clouds,0,0
433,Zhangye,CN,2020-02-24 07:45:58,38.93,100.45,48.29,20,0,7.9,clear sky,0,0
434,Teya,RU,2020-02-24 07:45:58,60.38,92.63,20.53,75,14,5.66,few clouds,0,0
435,Klaksvik,FO,2020-02-24 07:45:58,62.23,-6.59,35.6,80,100,10.29,overcast clouds,0,0
436,Ivankiv,UA,2020-02-24 07:45:59,50.94,29.89,32.0,80,90,17.9,snow,0,0
437,Devonport,AU,2020-02-24 07:45:59,-41.17,146.35,68.0,66,100,1.99,overcast clouds,0,0
438,Lompoc,US,2020-02-24 07:45:28,34.64,-120.46,53.01,93,90,13.18,overcast clouds,0,0
439,Sabya,SA,2020-02-24 07:45:59,17.15,42.63,84.2,74,40,11.41,scattered clouds,0,0
440,Pangnirtung,CA,2020-02-24 07:45:59,66.15,-65.71,-30.26,97,100,2.17,overcast clouds,0,0
441,Vanimo,PG,2020-02-24 07:42:41,-2.67,141.3,83.52,82,86,14.27,overcast clouds,0,0
442,Nador,MA,2020-02-24 07:46:00,35.17,-2.93,59.0,77,90,1.12,overcast clouds,0,0
443,Palmas,BR,2020-02-24 07:46:00,-10.21,-48.36,72.0,93,98,2.24,overcast clouds,0,0
444,Semnan,IR,2020-02-24 07:43:57,35.57,53.4,59.43,38,100,8.63,overcast clouds,0,0
445,Santo Antonio Da Platina,BR,2020-02-24 07:46:00,-23.3,-50.08,64.78,80,100,10.98,overcast clouds,0,0
446,Vero Beach,US,2020-02-24 07:44:35,27.64,-80.4,62.6,87,1,5.79,clear sky,0,0
447,Diffa,NE,2020-02-24 07:46:01,13.32,12.61,77.14,23,0,18.32,clear sky,0,0
448,Mandalgovi,MN,2020-02-24 07:46:01,45.76,106.27,23.05,58,100,18.63,overcast clouds,0,0
449,Rincon,US,2020-02-24 07:46:01,32.3,-81.24,54.0,71,90,2.1,overcast clouds,0,0
450,Aitape,PG,2020-02-24 07:46:02,-3.14,142.35,83.37,80,100,13.0,overcast clouds,0,0
451,Kefalos,GR,2020-02-24 07:46:02,36.75,26.96,51.8,71,20,2.24,few clouds,0,0
452,Buin,CL,2020-02-24 07:46:02,-33.73,-70.75,55.4,82,0,5.82,clear sky,0,0
453,Port Lincoln,AU,2020-02-24 07:46:02,-34.73,135.87,68.41,73,0,14.74,clear sky,0,0
454,Cairns,AU,2020-02-24 07:46:02,-16.92,145.77,80.6,88,90,9.17,overcast clouds,0,0
455,Yagoua,CM,2020-02-24 07:46:03,10.34,15.23,83.91,14,0,14.94,clear sky,0,0
456,Suntar,RU,2020-02-24 07:46:03,62.14,117.63,20.55,88,100,7.83,overcast clouds,0,0
457,Vila Do Maio,CV,2020-02-24 07:46:03,15.13,-23.22,68.0,77,75,11.41,broken clouds,0,0
458,Zhezkazgan,KZ,2020-02-24 07:46:03,47.8,67.71,14.0,92,90,4.47,mist,0,0
459,Ubatuba,BR,2020-02-24 07:46:03,-23.43,-45.07,70.61,75,38,5.08,scattered clouds,0,0
460,Kodinsk,RU,2020-02-24 07:46:04,58.69,99.18,23.05,87,100,7.49,overcast clouds,0,0
461,Awbari,LY,2020-02-24 07:46:04,26.59,12.78,55.49,43,0,4.63,clear sky,0,0
462,Dubbo,AU,2020-02-24 07:46:04,-32.25,148.62,80.6,44,90,8.05,overcast clouds,0,0
463,Turinsk,RU,2020-02-24 07:46:04,58.05,63.7,23.94,86,100,17.13,overcast clouds,0,0
464,Nicoya,CR,2020-02-24 07:46:04,10.15,-85.45,68.0,89,67,21.99,broken clouds,0,0
465,Uray,RU,2020-02-24 07:46:05,60.12,64.78,28.51,79,36,16.73,scattered clouds,0,0
466,Sadao,TH,2020-02-24 07:46:05,6.64,100.42,93.2,52,40,18.34,scattered clouds,0,0
467,Vilyuysk,RU,2020-02-24 07:46:05,63.76,121.62,3.7,96,100,4.38,overcast clouds,0,0
468,Pakxan,LA,2020-02-24 07:46:06,18.38,103.66,87.04,28,44,4.99,scattered clouds,0,0
469,Walvis Bay,NA,2020-02-24 07:46:06,-22.96,14.51,66.2,88,51,12.75,broken clouds,0,0
470,Pisco,PE,2020-02-24 07:46:06,-13.7,-76.22,75.2,83,90,4.7,overcast clouds,0,0
471,Belize,BZ,2020-02-24 07:46:06,17.25,-88.75,64.0,88,0,2.26,clear sky,0,0
472,Ranong,TH,2020-02-24 07:46:06,9.97,98.63,91.4,52,20,21.92,few clouds,0,0
473,Bandarbeyla,SO,2020-02-24 07:46:07,9.49,50.81,77.77,73,82,14.41,broken clouds,0,0
474,Syracuse,IT,2020-02-24 07:46:07,37.09,15.28,55.0,87,0,2.24,clear sky,0,0
475,Tatishchevo,RU,2020-02-24 07:46:07,51.67,45.6,37.0,76,99,4.0,overcast clouds,0,0
476,Najran,SA,2020-02-24 07:46:07,17.49,44.13,78.8,31,0,14.9,clear sky,0,0
477,Sao Filipe,CV,2020-02-24 07:46:07,14.9,-24.5,67.3,82,0,15.9,clear sky,0,0
478,Pervomayskiy,RU,2020-02-24 07:46:08,53.25,40.29,31.39,98,100,7.25,overcast clouds,0,0
479,Magadan,RU,2020-02-24 07:43:18,59.57,150.8,-0.47,81,9,6.87,clear sky,0,0
480,Bodinayakkanur,IN,2020-02-24 07:46:08,10.02,77.35,88.14,31,31,8.1,scattered clouds,0,0
481,Jaisalmer,IN,2020-02-24 07:46:08,26.91,70.92,83.59,20,0,0.18,clear sky,0,0
482,Canakkale,TR,2020-02-24 07:46:08,40.08,26.83,61.0,50,100,13.87,overcast clouds,0,0
483,Lavrentiya,RU,2020-02-24 07:46:09,65.58,-171.0,-9.4,71,0,1.28,clear sky,0,0
484,Kudligi,IN,2020-02-24 07:46:09,14.9,76.38,91.49,15,0,10.58,clear sky,0,0
485,Ostrovnoy,RU,2020-02-24 07:46:09,68.05,39.51,21.87,90,100,5.41,overcast clouds,0,0
486,Sisimiut,GL,2020-02-24 07:46:09,66.94,-53.67,-8.21,88,58,3.96,broken clouds,0,0
487,Makhinjauri,GE,2020-02-24 07:46:09,41.67,41.69,53.6,58,20,23.04,few clouds,0,0
488,Gao,ML,2020-02-24 07:42:26,16.64,1.64,79.43,12,6,21.68,clear sky,0,0
489,Erzin,TR,2020-02-24 07:46:10,36.96,36.2,55.4,76,40,3.36,scattered clouds,0,0
490,Santiago De Cao,PE,2020-02-24 07:46:10,-7.96,-79.24,71.6,94,90,8.05,mist,0,0
491,Manacapuru,BR,2020-02-24 07:43:58,-3.3,-60.62,75.2,94,100,2.24,overcast clouds,0,0
492,Tukrah,LY,2020-02-24 07:46:10,32.53,20.58,58.28,61,36,10.69,scattered clouds,0,0
493,Paita,PE,2020-02-24 07:46:11,-5.09,-81.11,79.05,64,100,6.58,overcast clouds,0,0
494,Metro,ID,2020-02-24 07:46:11,-5.11,105.31,89.04,61,30,12.48,scattered clouds,0,0
495,Churapcha,RU,2020-02-24 07:46:11,62.0,132.43,-6.02,98,100,4.05,overcast clouds,0,0
496,Krasnyy Chikoy,RU,2020-02-24 07:46:11,50.36,108.75,16.45,87,100,1.83,overcast clouds,0,0
497,Saint Anthony,US,2020-02-24 07:46:12,45.02,-93.22,28.99,92,1,4.7,clear sky,0,0
498,Vila Velha,BR,2020-02-24 07:46:12,-20.33,-40.29,77.0,73,75,5.82,broken clouds,0,0
499,Jablah,SY,2020-02-24 07:46:12,35.36,35.93,66.2,42,20,11.41,few clouds,0,0
500,Hirara,JP,2020-02-24 07:46:12,24.8,125.28,75.2,64,20,12.75,few clouds,0,0
501,Presidencia Roque Saenz Pena,AR,2020-02-24 07:46:12,-26.79,-60.44,60.73,65,0,3.29,clear sky,0,0
502,Sahuaripa,MX,2020-02-24 07:46:13,29.05,-109.23,48.74,47,100,2.42,overcast clouds,0,0
503,Gamba,GA,2020-02-24 07:46:13,-2.65,10.0,80.26,85,100,2.51,overcast clouds,0,0
504,Bloomingdale,US,2020-02-24 07:46:13,27.89,-82.24,64.4,100,1,5.77,clear sky,0,0
505,Bethanien,NA,2020-02-24 07:46:13,-26.5,17.16,83.14,25,0,7.16,clear sky,0,0
506,Venice,US,2020-02-24 07:46:14,27.1,-82.45,63.0,77,20,5.82,few clouds,0,0
507,Seymchan,RU,2020-02-24 07:46:14,62.88,152.43,-24.59,100,0,0.69,clear sky,0,0
508,Guarapari,BR,2020-02-24 07:46:14,-20.67,-40.5,77.0,73,75,5.82,broken clouds,0,0
509,Grindavik,IS,2020-02-24 07:46:14,63.84,-22.43,32.0,73,75,14.99,shower rain,0,0
510,Den Helder,NL,2020-02-24 07:46:15,52.96,4.76,42.01,86,75,9.17,broken clouds,0,0
511,Tranas,SE,2020-02-24 07:46:15,58.04,14.98,33.8,57,0,9.17,clear sky,0,0
512,Gien,FR,2020-02-24 07:46:15,47.69,2.63,50.0,94,100,4.0,overcast clouds,0,0
513,Parrita,CR,2020-02-24 07:46:15,9.52,-84.32,66.2,68,41,12.75,scattered clouds,0,0
514,Tynda,RU,2020-02-24 07:45:33,55.17,124.72,6.3,88,51,3.22,broken clouds,0,0
515,High Rock,BS,2020-02-24 07:46:16,26.62,-78.28,68.88,59,0,13.87,clear sky,0,0
516,Atasu,KZ,2020-02-24 07:46:16,48.68,71.64,17.96,84,52,2.21,broken clouds,0,0
517,Mutsu,JP,2020-02-24 07:46:16,41.29,141.22,44.01,64,20,10.29,few clouds,0,0
518,Cunha,BR,2020-02-24 07:44:06,-23.07,-44.96,56.14,95,31,1.57,scattered clouds,0,0
519,Pueblo Nuevo,MX,2020-02-24 07:46:17,23.38,-105.38,51.39,84,0,3.44,clear sky,0,0
520,Baker City,US,2020-02-24 07:46:17,44.77,-117.83,35.6,50,1,5.82,clear sky,0,0
521,Liverpool,GB,2020-02-24 07:41:52,53.41,-2.98,45.0,100,90,16.11,moderate rain,0,0
522,Canyon,US,2020-02-24 07:46:17,34.98,-101.92,39.99,69,1,11.41,clear sky,0,0
523,Phalodi,IN,2020-02-24 07:46:17,27.13,72.37,80.74,19,0,2.01,clear sky,0,0
524,Nampula,MZ,2020-02-24 07:46:18,-15.12,39.27,87.8,66,75,6.93,broken clouds,0,0
525,Longyearbyen,SJ,2020-02-24 07:46:18,78.22,15.64,-2.2,77,20,4.7,few clouds,0,0
526,Lodja,CD,2020-02-24 07:46:18,-3.48,23.43,82.89,63,100,4.09,overcast clouds,0,0
527,Husavik,IS,2020-02-24 07:46:18,66.04,-17.34,26.92,83,100,15.75,overcast clouds,0,0
528,Luang Prabang,LA,2020-02-24 07:46:19,19.89,102.13,86.0,35,20,2.24,few clouds,0,0
529,Tarko-Sale,RU,2020-02-24 07:46:19,64.92,77.78,24.01,85,100,23.04,overcast clouds,0,0
530,Biltine,TD,2020-02-24 07:46:19,14.53,20.92,74.48,17,0,20.69,clear sky,0,0
531,Mocuba,MZ,2020-02-24 07:46:19,-16.84,36.99,82.72,84,100,6.53,light rain,1.75,0
532,Neiafu,TO,2020-02-24 07:46:19,-18.65,-173.98,82.81,81,6,5.79,clear sky,0,0
533,Dali,CN,2020-02-24 07:46:20,25.7,100.18,57.27,62,97,5.7,light rain,0.75,0
534,Kawalu,ID,2020-02-24 07:46:20,-7.38,108.21,77.52,88,100,3.58,moderate rain,8.75,0
535,La Ronge,CA,2020-02-24 07:46:20,55.1,-105.28,23.0,79,20,6.93,few clouds,0,0
536,Campbell River,CA,2020-02-24 07:44:35,50.02,-125.24,41.0,80,90,3.36,light intensity shower rain,0,0
537,Muros,ES,2020-02-24 07:46:20,42.78,-9.06,52.0,100,0,2.24,fog,0,0
538,Mnogovershinnyy,RU,2020-02-24 07:46:21,53.94,139.92,1.13,96,91,3.0,overcast clouds,0,0
539,Sapa,PH,2020-02-24 07:46:21,5.15,120.32,83.19,69,0,8.48,clear sky,0,0
540,Puerto Penasco,MX,2020-02-24 07:46:21,31.32,-113.53,55.0,88,0,3.0,clear sky,0,0
541,Aquiraz,BR,2020-02-24 07:46:21,-3.9,-38.39,78.8,88,40,2.24,scattered clouds,0,0
542,Ozernovskiy,RU,2020-02-24 07:46:22,51.5,156.52,27.05,83,100,25.03,snow,0,1.56
543,Porto Nacional,BR,2020-02-24 07:46:22,-10.71,-48.42,72.86,94,100,0.76,overcast clouds,0,0
544,Lishui,CN,2020-02-24 07:41:43,28.46,119.91,66.78,70,33,4.12,scattered clouds,0,0
545,Vadinsk,RU,2020-02-24 07:46:22,53.69,43.06,30.85,98,100,10.94,overcast clouds,0,0
546,Hami,CN,2020-02-24 07:46:22,42.8,93.45,44.51,32,27,5.48,scattered clouds,0,0
547,Garissa,KE,2020-02-24 07:46:23,-0.45,39.64,92.34,38,67,9.64,broken clouds,0,0
